id,place,link
1,HCM,https://itviec.com/viec-lam-it/fresher-junior-software-developer-java-net-php-allexceed-viet-nam-5029?lab_feature=preview_jd_page
2,HCM,https://itviec.com/viec-lam-it/junior-quality-control-specialist-alphasphere-2412?lab_feature=preview_jd_page
3,HCM,https://itviec.com/viec-lam-it/junior-it-risk-assurance-it-audit-pwc-vietnam-1557?lab_feature=preview_jd_page
4,HCM,https://itviec.com/viec-lam-it/junior-android-developer-motorist-pte-ltd-0532?lab_feature=preview_jd_page
5,HCM,https://itviec.com/viec-lam-it/junior-backend-developer-ruby-on-rails-mysql-motorist-pte-ltd-0212?lab_feature=preview_jd_page
6,HCM,https://itviec.com/viec-lam-it/junior-senior-frontend-developer-reactjs-fullerton-health-3836?lab_feature=preview_jd_page
7,HCM,https://itviec.com/viec-lam-it/junior-programmer-c-vue-js-nuxt-js-pasona-tech-viet-nam-1824?lab_feature=preview_jd_page
8,HCM,https://itviec.com/viec-lam-it/ruby-on-rails-developer-junior-middle-oivan-0130?lab_feature=preview_jd_page
9,HCM,https://itviec.com/viec-lam-it/junior-senior-web-backend-developer-net-c-sql-truong-minh-thinh-technology-joint-stock-company-3918?lab_feature=preview_jd_page
10,HCM,https://itviec.com/viec-lam-it/junior-senior-backend-developer-golang-cong-ty-tnhh-stack-tech-0950?lab_feature=preview_jd_page
11,HN,https://itviec.com/viec-lam-it/relocated-c-developer-matlab-simulink-bdm-azapa-engineering-1115?lab_feature=preview_jd_page
12,HN,https://itviec.com/viec-lam-it/2-3-yrs-middle-ios-developer-swift-braly-jsc-3948?lab_feature=preview_jd_page
13,HN,https://itviec.com/viec-lam-it/backend-developer-nodejs-99tech-2758?lab_feature=preview_jd_page
14,HN,https://itviec.com/viec-lam-it/software-developer-python-javascript-embedded-brother-viet-nam-1413?lab_feature=preview_jd_page
15,HN,https://itviec.com/viec-lam-it/superset-developer-vue-js-javascript-sql-ganeshaid-consultancy-company-limited-4005?lab_feature=preview_jd_page
16,HN,https://itviec.com/viec-lam-it/devops-engineer-99tech-3648?lab_feature=preview_jd_page
17,HN,https://itviec.com/viec-lam-it/remote-java-developer-spring-jquery-j2ee-arch-partnership-limited-5619?lab_feature=preview_jd_page
18,HN,https://itviec.com/viec-lam-it/tro-ly-du-an-project-assistant-khoi-cntt-mb-bank-4134?lab_feature=preview_jd_page
19,HN,https://itviec.com/viec-lam-it/mobile-android-dev-java-kotlin-2000-neos-viet-nam-4745?lab_feature=preview_jd_page
20,HN,https://itviec.com/viec-lam-it/mid-frontend-dev-html5-css3-javascript-solis-lab-0030?lab_feature=preview_jd_page
21,DN,https://itviec.com/viec-lam-it/relocated-c-developer-matlab-simulink-bdm-azapa-engineering-1115?lab_feature=preview_jd_page
22,DN,https://itviec.com/viec-lam-it/backend-developer-nodejs-99tech-2758?lab_feature=preview_jd_page
23,DN,https://itviec.com/viec-lam-it/devops-engineer-99tech-3648?lab_feature=preview_jd_page
24,DN,https://itviec.com/viec-lam-it/da-nang-web-app-developer-python-nodejs-reactjs-pasona-tech-viet-nam-0827?lab_feature=preview_jd_page
25,DN,https://itviec.com/viec-lam-it/software-engineer-sdk-support-documentation-hoiio-2437?lab_feature=preview_jd_page
26,DN,https://itviec.com/viec-lam-it/mid-sr-fullstack-dev-nodejs-reactjs-aws-remote-automation-consulting-pty-ltd-3634?lab_feature=preview_jd_page
27,DN,https://itviec.com/viec-lam-it/fullstack-developer-nodejs-reactjs-mid-to-senior-codelink-2102?lab_feature=preview_jd_page
28,DN,https://itviec.com/viec-lam-it/full-stack-developer-java-javascript-mgm-technology-partners-vietnam-1605?lab_feature=preview_jd_page
29,DN,https://itviec.com/viec-lam-it/da-nang-full-stack-developer-react-js-node-js-one-tech-stop-vietnam-company-ltd-2214?lab_feature=preview_jd_page
30,DN,https://itviec.com/viec-lam-it/fullstack-developer-php-laravel-vue-js-nuxtjs-pascalia-asia-vietnam-2149?lab_feature=preview_jd_page
